i,j,k,Channel,LR
59,82,39,Fp1,L
59,29,49,Fp1,L
59,39,29,Fp1,L
43,83,74,Fp1,L
57,67,32,Fp1,L
6,2,3,Fp1,L
6,1,2,Fp1,L
6,13,1,Fp1,L
84,79,47,Fp1,L
95,87,38,Fp1,L
40,72,56,Fp1,L
33,16,50,Fp1,L
9,7,15,Fp1,L
9,10,7,Fp1,L
9,14,10,Fp1,L
40,30,19,Fp1,L
40,56,30,Fp1,L
80,48,89,Fp1,L
70,34,78,Fp1,L
70,45,34,Fp1,L
21,51,23,Fp1,L
54,75,90,Fp1,L
54,42,75,Fp1,L
18,53,46,Fp1,L
28,55,20,Fp1,L
28,68,55,Fp1,L
28,41,68,Fp1,L
0,24,8,Fp1,L
0,12,24,Fp1,L
0,4,12,Fp1,L
17,11,5,Fp1,L
17,31,11,Fp1,L
25,26,22,Fp1,L
73,35,44,Fp1,L
73,60,35,Fp1,L
27,36,58,Fp1,L
39,64,40,Fp1,L
82,64,39,Fp1,L
49,15,33,Fp1,L
29,15,49,Fp1,L
29,9,15,Fp1,L
29,19,9,Fp1,L
39,19,29,Fp1,L
39,40,19,Fp1,L
74,78,80,Fp1,L
83,78,74,Fp1,L
83,70,78,Fp1,L
32,52,21,Fp1,L
67,52,32,Fp1,L
85,54,90,Fp1,L
3,20,18,Fp1,L
2,20,3,Fp1,L
2,28,20,Fp1,L
2,8,28,Fp1,L
1,8,2,Fp1,L
1,0,8,Fp1,L
1,5,0,Fp1,L
13,5,1,Fp1,L
13,17,5,Fp1,L
47,44,25,Fp1,L
79,44,47,Fp1,L
79,73,44,Fp1,L
76,81,65,Fp1,L
86,81,76,Fp1,L
86,71,81,Fp1,L
38,37,27,Fp1,L
87,37,38,Fp1,L
56,93,84,Fp1,L
72,93,56,Fp1,L
64,72,40,Fp1,L
16,46,50,Fp1,L
16,18,46,Fp1,L
15,16,33,Fp1,L
7,16,15,Fp1,L
7,18,16,Fp1,L
7,3,18,Fp1,L
10,3,7,Fp1,L
10,6,3,Fp1,L
10,22,6,Fp1,L
14,22,10,Fp1,L
14,25,22,Fp1,L
19,14,9,Fp1,L
30,14,19,Fp1,L
30,25,14,Fp1,L
30,47,25,Fp1,L
56,47,30,Fp1,L
56,84,47,Fp1,L
48,58,89,Fp1,L
48,27,58,Fp1,L
78,48,80,Fp1,L
34,48,78,Fp1,L
34,27,48,Fp1,L
34,38,27,Fp1,L
45,38,34,Fp1,L
45,95,38,Fp1,L
66,33,50,Fp1,L
62,66,97,Fp1,L
62,33,66,Fp1,L
62,49,33,Fp1,L
96,49,62,Fp1,L
96,59,49,Fp1,L
23,69,43,Fp1,L
51,69,23,Fp1,L
52,51,21,Fp1,L
92,51,52,Fp1,L
77,98,91,Fp1,L
77,65,98,Fp1,L
77,76,65,Fp1,L
94,76,77,Fp1,L
99,80,89,Fp1,L
75,99,90,Fp1,L
75,80,99,Fp1,L
75,74,80,Fp1,L
42,74,75,Fp1,L
42,43,74,Fp1,L
20,53,18,Fp1,L
55,53,20,Fp1,L
41,85,68,Fp1,L
41,54,85,Fp1,L
8,41,28,Fp1,L
24,41,8,Fp1,L
24,54,41,Fp1,L
24,42,54,Fp1,L
12,42,24,Fp1,L
12,43,42,Fp1,L
12,23,43,Fp1,L
4,23,12,Fp1,L
4,21,23,Fp1,L
5,4,0,Fp1,L
11,4,5,Fp1,L
11,21,4,Fp1,L
11,32,21,Fp1,L
31,32,11,Fp1,L
31,57,32,Fp1,L
22,13,6,Fp1,L
26,13,22,Fp1,L
26,17,13,Fp1,L
44,26,25,Fp1,L
35,26,44,Fp1,L
35,17,26,Fp1,L
35,31,17,Fp1,L
60,31,35,Fp1,L
60,57,31,Fp1,L
36,86,58,Fp1,L
36,71,86,Fp1,L
37,36,27,Fp1,L
61,36,37,Fp1,L
61,71,36,Fp1,L
69,83,43,Fp1,L
63,45,70,Fp1,L
88,45,63,Fp1,L
88,95,45,Fp1,L
11,38,39,Fp2,R
11,17,27,Fp2,R
11,39,17,Fp2,R
7,26,14,Fp2,R
50,16,12,Fp2,R
93,89,37,Fp2,R
67,65,20,Fp2,R
74,81,92,Fp2,R
32,96,36,Fp2,R
32,91,96,Fp2,R
32,61,91,Fp2,R
97,98,40,Fp2,R
94,53,71,Fp2,R
30,34,62,Fp2,R
42,55,44,Fp2,R
42,73,55,Fp2,R
2,0,1,Fp2,R
15,10,3,Fp2,R
15,35,10,Fp2,R
95,41,59,Fp2,R
66,25,24,Fp2,R
70,33,60,Fp2,R
70,54,33,Fp2,R
48,76,86,Fp2,R
31,22,45,Fp2,R
31,9,22,Fp2,R
21,13,46,Fp2,R
21,5,13,Fp2,R
21,8,5,Fp2,R
87,23,47,Fp2,R
87,64,23,Fp2,R
66,24,75,Fp2,R
29,52,18,Fp2,R
6,19,4,Fp2,R
83,51,28,Fp2,R
27,36,74,Fp2,R
17,36,27,Fp2,R
17,32,36,Fp2,R
17,40,32,Fp2,R
39,40,17,Fp2,R
39,97,40,Fp2,R
90,94,71,Fp2,R
14,44,30,Fp2,R
26,44,14,Fp2,R
26,42,44,Fp2,R
12,3,2,Fp2,R
16,3,12,Fp2,R
16,15,3,Fp2,R
79,68,48,Fp2,R
84,45,80,Fp2,R
69,45,84,Fp2,R
69,31,45,Fp2,R
72,21,46,Fp2,R
72,47,21,Fp2,R
37,63,29,Fp2,R
89,63,37,Fp2,R
20,28,6,Fp2,R
65,28,20,Fp2,R
65,83,28,Fp2,R
92,59,50,Fp2,R
81,59,92,Fp2,R
81,95,59,Fp2,R
36,81,74,Fp2,R
96,81,36,Fp2,R
96,95,81,Fp2,R
40,61,32,Fp2,R
98,61,40,Fp2,R
58,48,86,Fp2,R
71,58,99,Fp2,R
53,58,71,Fp2,R
53,48,58,Fp2,R
53,79,48,Fp2,R
34,78,62,Fp2,R
34,56,78,Fp2,R
44,34,30,Fp2,R
55,34,44,Fp2,R
55,56,34,Fp2,R
55,88,56,Fp2,R
73,88,55,Fp2,R
1,4,7,Fp2,R
0,4,1,Fp2,R
0,6,4,Fp2,R
3,0,2,Fp2,R
10,0,3,Fp2,R
10,6,0,Fp2,R
10,20,6,Fp2,R
35,20,10,Fp2,R
35,67,20,Fp2,R
59,16,50,Fp2,R
41,16,59,Fp2,R
41,15,16,Fp2,R
82,41,95,Fp2,R
43,41,82,Fp2,R
43,15,41,Fp2,R
43,35,15,Fp2,R
85,35,43,Fp2,R
85,67,35,Fp2,R
24,18,11,Fp2,R
25,18,24,Fp2,R
25,29,18,Fp2,R
60,25,66,Fp2,R
33,25,60,Fp2,R
33,29,25,Fp2,R
33,37,29,Fp2,R
54,37,33,Fp2,R
54,93,37,Fp2,R
68,76,48,Fp2,R
77,76,68,Fp2,R
77,70,76,Fp2,R
77,54,70,Fp2,R
49,30,62,Fp2,R
45,49,80,Fp2,R
22,49,45,Fp2,R
22,30,49,Fp2,R
22,14,30,Fp2,R
9,14,22,Fp2,R
9,7,14,Fp2,R
57,31,69,Fp2,R
13,57,46,Fp2,R
13,31,57,Fp2,R
13,9,31,Fp2,R
5,9,13,Fp2,R
5,7,9,Fp2,R
5,1,7,Fp2,R
8,1,5,Fp2,R
8,2,1,Fp2,R
47,8,21,Fp2,R
23,8,47,Fp2,R
23,2,8,Fp2,R
23,12,2,Fp2,R
64,12,23,Fp2,R
64,50,12,Fp2,R
75,27,74,Fp2,R
24,27,75,Fp2,R
24,11,27,Fp2,R
18,38,11,Fp2,R
52,38,18,Fp2,R
63,52,29,Fp2,R
4,26,7,Fp2,R
19,26,4,Fp2,R
19,42,26,Fp2,R
28,19,6,Fp2,R
51,19,28,Fp2,R
51,42,19,Fp2,R
51,73,42,Fp2,R
12,48,20,Fz,L
12,39,48,Fz,L
11,8,13,Fz,L
11,3,8,Fz,L
42,27,30,Fz,L
42,43,27,Fz,L
46,26,32,Fz,L
14,37,18,Fz,L
14,44,37,Fz,L
14,21,44,Fz,L
0,7,5,Fz,L
0,2,7,Fz,L
47,31,45,Fz,L
24,34,36,Fz,L
24,17,34,Fz,L
24,6,17,Fz,L
10,1,16,Fz,L
10,4,1,Fz,L
23,9,15,Fz,L
23,19,9,Fz,L
23,41,19,Fz,L
13,18,25,Fz,L
8,18,13,Fz,L
8,14,18,Fz,L
8,5,14,Fz,L
3,5,8,Fz,L
3,0,5,Fz,L
35,24,36,Fz,L
35,16,24,Fz,L
29,16,35,Fz,L
29,10,16,Fz,L
30,15,33,Fz,L
27,15,30,Fz,L
27,23,15,Fz,L
27,40,23,Fz,L
43,40,27,Fz,L
32,13,25,Fz,L
26,13,32,Fz,L
26,11,13,Fz,L
18,38,25,Fz,L
37,38,18,Fz,L
5,21,14,Fz,L
7,21,5,Fz,L
7,28,21,Fz,L
7,20,28,Fz,L
2,20,7,Fz,L
2,12,20,Fz,L
45,26,46,Fz,L
31,26,45,Fz,L
31,11,26,Fz,L
34,49,36,Fz,L
34,47,49,Fz,L
34,31,47,Fz,L
17,31,34,Fz,L
17,11,31,Fz,L
17,3,11,Fz,L
6,3,17,Fz,L
6,0,3,Fz,L
16,6,24,Fz,L
1,6,16,Fz,L
1,0,6,Fz,L
1,2,0,Fz,L
4,2,1,Fz,L
4,12,2,Fz,L
22,10,29,Fz,L
15,22,33,Fz,L
9,22,15,Fz,L
9,10,22,Fz,L
9,4,10,Fz,L
19,4,9,Fz,L
19,12,4,Fz,L
19,39,12,Fz,L
41,39,19,Fz,L
40,41,23,Fz,L
6,0,2,Fz,R
6,9,0,Fz,R
47,23,42,Fz,R
47,26,23,Fz,R
5,13,18,Fz,R
3,14,1,Fz,R
3,17,14,Fz,R
3,8,17,Fz,R
21,12,4,Fz,R
21,29,12,Fz,R
16,36,30,Fz,R
16,24,36,Fz,R
16,10,24,Fz,R
20,7,11,Fz,R
20,15,7,Fz,R
19,39,25,Fz,R
45,32,46,Fz,R
45,28,32,Fz,R
41,22,40,Fz,R
41,31,22,Fz,R
2,1,5,Fz,R
0,1,2,Fz,R
0,3,1,Fz,R
0,4,3,Fz,R
9,4,0,Fz,R
9,21,4,Fz,R
23,30,42,Fz,R
23,16,30,Fz,R
23,11,16,Fz,R
26,11,23,Fz,R
26,20,11,Fz,R
27,38,19,Fz,R
18,34,43,Fz,R
13,34,18,Fz,R
13,33,34,Fz,R
1,13,5,Fz,R
14,13,1,Fz,R
14,33,13,Fz,R
14,37,33,Fz,R
17,37,14,Fz,R
17,44,37,Fz,R
17,25,44,Fz,R
8,25,17,Fz,R
8,19,25,Fz,R
4,8,3,Fz,R
12,8,4,Fz,R
12,19,8,Fz,R
12,27,19,Fz,R
29,27,12,Fz,R
29,49,27,Fz,R
24,18,43,Fz,R
10,18,24,Fz,R
10,5,18,Fz,R
11,10,16,Fz,R
7,10,11,Fz,R
7,5,10,Fz,R
7,2,5,Fz,R
15,2,7,Fz,R
15,6,2,Fz,R
38,39,19,Fz,R
35,20,26,Fz,R
32,35,46,Fz,R
32,20,35,Fz,R
32,15,20,Fz,R
28,15,32,Fz,R
28,6,15,Fz,R
40,28,45,Fz,R
22,28,40,Fz,R
22,6,28,Fz,R
22,9,6,Fz,R
31,9,22,Fz,R
31,21,9,Fz,R
48,21,31,Fz,R
48,29,21,Fz,R
12,8,29,F3,L
16,20,14,F3,L
16,47,20,F3,L
40,83,71,F3,L
17,7,5,F3,L
55,58,59,F3,L
55,86,58,F3,L
55,93,86,F3,L
65,50,97,F3,L
57,27,30,F3,L
13,10,34,F3,L
13,3,10,F3,L
24,74,45,F3,L
24,52,74,F3,L
39,23,21,F3,L
90,37,48,F3,L
90,84,37,F3,L
35,76,28,F3,L
64,72,36,F3,L
64,85,72,F3,L
26,6,9,F3,L
82,22,51,F3,L
82,33,22,F3,L
60,41,42,F3,L
2,1,0,F3,L
19,15,4,F3,L
19,56,15,F3,L
46,32,18,F3,L
89,91,63,F3,L
80,43,98,F3,L
80,38,43,F3,L
44,11,31,F3,L
44,25,11,F3,L
99,34,57,F3,L
67,34,99,F3,L
67,13,34,F3,L
29,45,70,F3,L
8,45,29,F3,L
8,24,45,F3,L
14,62,35,F3,L
20,62,14,F3,L
20,81,62,F3,L
20,36,81,F3,L
47,36,20,F3,L
47,64,36,F3,L
96,51,26,F3,L
5,4,2,F3,L
7,4,5,F3,L
7,19,4,F3,L
87,92,46,F3,L
58,63,59,F3,L
58,89,63,F3,L
86,75,80,F3,L
93,75,86,F3,L
50,31,97,F3,L
50,44,31,F3,L
30,28,40,F3,L
27,28,30,F3,L
27,35,28,F3,L
34,27,57,F3,L
10,27,34,F3,L
10,35,27,F3,L
10,14,35,F3,L
3,14,10,F3,L
3,16,14,F3,L
30,40,71,F3,L
21,18,17,F3,L
23,18,21,F3,L
23,46,18,F3,L
48,23,39,F3,L
37,23,48,F3,L
37,46,23,F3,L
37,87,46,F3,L
84,87,37,F3,L
61,55,59,F3,L
61,69,55,F3,L
73,69,61,F3,L
28,68,40,F3,L
76,68,28,F3,L
62,76,35,F3,L
36,95,81,F3,L
72,95,36,F3,L
9,0,12,F3,L
6,0,9,F3,L
6,2,0,F3,L
51,6,26,F3,L
22,6,51,F3,L
22,2,6,F3,L
22,5,2,F3,L
33,5,22,F3,L
33,17,5,F3,L
42,17,33,F3,L
42,21,17,F3,L
41,21,42,F3,L
41,39,21,F3,L
0,8,12,F3,L
1,8,0,F3,L
1,24,8,F3,L
4,1,2,F3,L
15,1,4,F3,L
15,24,1,F3,L
15,52,24,F3,L
56,52,15,F3,L
18,7,17,F3,L
32,7,18,F3,L
32,19,7,F3,L
92,32,46,F3,L
66,32,92,F3,L
66,19,32,F3,L
66,56,19,F3,L
77,29,70,F3,L
49,29,77,F3,L
49,12,29,F3,L
43,49,98,F3,L
43,12,49,F3,L
43,9,12,F3,L
38,9,43,F3,L
38,26,9,F3,L
75,38,80,F3,L
78,38,75,F3,L
78,26,38,F3,L
78,96,26,F3,L
69,93,55,F3,L
53,13,67,F3,L
11,53,31,F3,L
11,13,53,F3,L
11,3,13,F3,L
25,3,11,F3,L
25,16,3,F3,L
88,25,44,F3,L
54,25,88,F3,L
54,16,25,F3,L
54,47,16,F3,L
79,47,54,F3,L
79,64,47,F3,L
5,4,3,F4,R
5,3,0,F4,R
5,0,17,F4,R
47,88,50,F4,R
47,89,88,F4,R
26,45,60,F4,R
26,61,28,F4,R
26,60,61,F4,R
82,30,43,F4,R
36,72,71,F4,R
36,39,72,F4,R
36,22,39,F4,R
34,57,98,F4,R
9,32,16,F4,R
9,20,32,F4,R
1,11,10,F4,R
34,40,2,F4,R
34,98,40,F4,R
35,23,67,F4,R
1,7,6,F4,R
1,10,7,F4,R
92,63,81,F4,R
92,49,63,F4,R
92,74,49,F4,R
56,77,29,F4,R
37,86,65,F4,R
12,19,52,F4,R
12,14,19,F4,R
12,24,14,F4,R
42,54,15,F4,R
70,44,68,F4,R
38,48,66,F4,R
38,18,48,F4,R
38,8,18,F4,R
25,13,21,F4,R
25,27,13,F4,R
59,31,33,F4,R
73,41,58,F4,R
73,51,41,F4,R
3,16,34,F4,R
4,16,3,F4,R
4,9,16,F4,R
0,2,1,F4,R
3,2,0,F4,R
3,34,2,F4,R
17,6,35,F4,R
0,6,17,F4,R
0,1,6,F4,R
45,75,60,F4,R
45,91,75,F4,R
28,69,37,F4,R
61,69,28,F4,R
43,12,52,F4,R
43,15,12,F4,R
30,15,43,F4,R
30,42,15,F4,R
39,66,72,F4,R
39,38,66,F4,R
39,21,38,F4,R
22,21,39,F4,R
22,25,21,F4,R
93,58,59,F4,R
16,57,34,F4,R
32,57,16,F4,R
32,79,57,F4,R
32,50,79,F4,R
20,50,32,F4,R
20,47,50,F4,R
10,29,26,F4,R
11,29,10,F4,R
11,56,29,F4,R
2,11,1,F4,R
40,11,2,F4,R
40,56,11,F4,R
23,65,67,F4,R
23,37,65,F4,R
6,23,35,F4,R
7,23,6,F4,R
7,37,23,F4,R
7,28,37,F4,R
10,28,7,F4,R
10,26,28,F4,R
53,94,62,F4,R
81,80,78,F4,R
63,80,81,F4,R
49,71,63,F4,R
49,36,71,F4,R
49,33,36,F4,R
74,33,49,F4,R
74,59,33,F4,R
29,45,26,F4,R
77,45,29,F4,R
77,91,45,F4,R
69,86,37,F4,R
64,55,95,F4,R
19,64,52,F4,R
19,55,64,F4,R
19,46,55,F4,R
14,46,19,F4,R
14,62,46,F4,R
14,53,62,F4,R
24,53,14,F4,R
24,85,53,F4,R
15,24,12,F4,R
54,24,15,F4,R
54,85,24,F4,R
68,30,82,F4,R
44,30,68,F4,R
44,42,30,F4,R
84,44,70,F4,R
97,44,84,F4,R
97,42,44,F4,R
76,35,67,F4,R
48,76,66,F4,R
48,35,76,F4,R
48,17,35,F4,R
18,17,48,F4,R
18,5,17,F4,R
18,4,5,F4,R
8,4,18,F4,R
8,9,4,F4,R
21,8,38,F4,R
13,8,21,F4,R
13,9,8,F4,R
13,20,9,F4,R
27,20,13,F4,R
27,47,20,F4,R
33,22,36,F4,R
31,22,33,F4,R
31,25,22,F4,R
58,31,59,F4,R
41,31,58,F4,R
41,25,31,F4,R
41,27,25,F4,R
51,27,41,F4,R
51,47,27,F4,R
51,89,47,F4,R
15,14,4,F7,L
15,49,14,F7,L
15,59,49,F7,L
70,51,44,F7,L
70,68,51,F7,L
57,52,99,F7,L
57,25,52,F7,L
57,30,25,F7,L
85,50,58,F7,L
85,79,50,F7,L
32,37,29,F7,L
32,40,37,F7,L
32,48,40,F7,L
23,55,27,F7,L
7,16,35,F7,L
20,12,6,F7,L
20,26,12,F7,L
20,43,26,F7,L
98,91,53,F7,L
31,39,19,F7,L
71,81,38,F7,L
46,77,84,F7,L
46,54,77,F7,L
46,24,54,F7,L
2,1,18,F7,L
2,0,1,F7,L
2,3,0,F7,L
9,8,5,F7,L
9,10,8,F7,L
62,33,64,F7,L
28,13,36,F7,L
28,11,13,F7,L
28,22,11,F7,L
89,42,47,F7,L
89,80,42,F7,L
34,88,56,F7,L
67,92,63,F7,L
78,93,66,F7,L
76,75,41,F7,L
21,65,17,F7,L
90,95,45,F7,L
68,97,83,F7,L
4,6,7,F7,L
14,6,4,F7,L
14,20,6,F7,L
14,53,20,F7,L
49,53,14,F7,L
49,98,53,F7,L
44,38,31,F7,L
51,38,44,F7,L
51,71,38,F7,L
51,69,71,F7,L
68,69,51,F7,L
68,83,69,F7,L
52,84,99,F7,L
52,46,84,F7,L
52,18,46,F7,L
25,18,52,F7,L
25,2,18,F7,L
25,5,2,F7,L
30,5,25,F7,L
30,9,5,F7,L
58,36,62,F7,L
50,36,58,F7,L
50,28,36,F7,L
50,47,28,F7,L
79,47,50,F7,L
79,89,47,F7,L
29,60,34,F7,L
37,60,29,F7,L
37,72,60,F7,L
37,63,72,F7,L
40,63,37,F7,L
40,67,63,F7,L
40,66,67,F7,L
48,66,40,F7,L
48,78,66,F7,L
27,61,21,F7,L
55,61,27,F7,L
94,57,99,F7,L
94,64,57,F7,L
86,64,94,F7,L
86,62,64,F7,L
73,62,86,F7,L
73,58,62,F7,L
87,58,73,F7,L
87,85,58,F7,L
35,56,74,F7,L
16,56,35,F7,L
16,34,56,F7,L
6,16,7,F7,L
12,16,6,F7,L
12,34,16,F7,L
12,29,34,F7,L
26,29,12,F7,L
26,32,29,F7,L
26,41,32,F7,L
43,41,26,F7,L
43,76,41,F7,L
53,43,20,F7,L
91,43,53,F7,L
91,76,43,F7,L
19,45,23,F7,L
39,45,19,F7,L
39,90,45,F7,L
38,39,31,F7,L
81,39,38,F7,L
81,90,39,F7,L
54,96,77,F7,L
54,74,96,F7,L
54,35,74,F7,L
24,35,54,F7,L
24,7,35,F7,L
18,24,46,F7,L
1,24,18,F7,L
1,7,24,F7,L
1,4,7,F7,L
0,4,1,F7,L
0,15,4,F7,L
0,17,15,F7,L
3,17,0,F7,L
3,21,17,F7,L
5,3,2,F7,L
8,3,5,F7,L
8,21,3,F7,L
8,27,21,F7,L
10,27,8,F7,L
10,23,27,F7,L
64,30,57,F7,L
33,30,64,F7,L
33,9,30,F7,L
36,33,62,F7,L
13,33,36,F7,L
13,9,33,F7,L
13,10,9,F7,L
11,10,13,F7,L
11,23,10,F7,L
11,19,23,F7,L
22,19,11,F7,L
22,31,19,F7,L
47,22,28,F7,L
42,22,47,F7,L
42,31,22,F7,L
42,44,31,F7,L
80,44,42,F7,L
80,70,44,F7,L
60,88,34,F7,L
66,82,67,F7,L
93,82,66,F7,L
41,48,32,F7,L
75,48,41,F7,L
75,78,48,F7,L
17,59,15,F7,L
65,59,17,F7,L
61,65,21,F7,L
45,55,23,F7,L
95,55,45,F7,L
1,0,6,F8,R
27,26,17,F8,R
27,16,44,F8,R
27,17,16,F8,R
77,91,56,F8,R
12,20,14,F8,R
24,42,7,F8,R
62,90,82,F8,R
62,94,90,F8,R
76,43,30,F8,R
29,31,72,F8,R
3,5,4,F8,R
3,9,5,F8,R
49,19,11,F8,R
75,32,63,F8,R
75,36,32,F8,R
75,74,36,F8,R
22,37,45,F8,R
41,39,25,F8,R
41,51,39,F8,R
97,57,55,F8,R
47,35,71,F8,R
47,15,35,F8,R
8,18,28,F8,R
8,2,18,F8,R
8,10,2,F8,R
22,23,13,F8,R
22,45,23,F8,R
50,88,61,F8,R
34,54,68,F8,R
46,52,33,F8,R
46,89,52,F8,R
40,38,21,F8,R
48,66,24,F8,R
86,62,82,F8,R
6,4,29,F8,R
0,4,6,F8,R
0,3,4,F8,R
17,25,22,F8,R
26,25,17,F8,R
26,41,25,F8,R
85,47,71,F8,R
44,28,69,F8,R
16,28,44,F8,R
16,8,28,F8,R
16,13,8,F8,R
17,13,16,F8,R
17,22,13,F8,R
56,79,50,F8,R
91,79,56,F8,R
14,33,34,F8,R
20,33,14,F8,R
20,46,33,F8,R
59,65,40,F8,R
7,11,1,F8,R
42,11,7,F8,R
42,49,11,F8,R
66,42,24,F8,R
95,42,66,F8,R
95,49,42,F8,R
60,55,27,F8,R
84,44,69,F8,R
60,44,84,F8,R
60,27,44,F8,R
30,21,12,F8,R
43,21,30,F8,R
43,40,21,F8,R
93,43,76,F8,R
53,43,93,F8,R
53,40,43,F8,R
53,59,40,F8,R
70,59,53,F8,R
70,78,59,F8,R
31,68,72,F8,R
31,34,68,F8,R
4,31,29,F8,R
5,31,4,F8,R
5,34,31,F8,R
5,14,34,F8,R
9,14,5,F8,R
9,12,14,F8,R
11,0,1,F8,R
19,0,11,F8,R
19,3,0,F8,R
63,19,49,F8,R
32,19,63,F8,R
32,3,19,F8,R
32,9,3,F8,R
36,9,32,F8,R
36,12,9,F8,R
36,30,12,F8,R
74,30,36,F8,R
74,76,30,F8,R
45,61,80,F8,R
37,61,45,F8,R
37,50,61,F8,R
25,37,22,F8,R
39,37,25,F8,R
39,50,37,F8,R
39,56,50,F8,R
51,56,39,F8,R
51,77,56,F8,R
55,26,27,F8,R
57,26,55,F8,R
57,41,26,F8,R
99,57,97,F8,R
67,57,99,F8,R
67,41,57,F8,R
67,51,41,F8,R
92,51,67,F8,R
92,77,51,F8,R
64,29,72,F8,R
35,64,71,F8,R
35,29,64,F8,R
35,6,29,F8,R
15,6,35,F8,R
15,1,6,F8,R
58,47,85,F8,R
28,58,69,F8,R
18,58,28,F8,R
18,47,58,F8,R
18,15,47,F8,R
2,15,18,F8,R
2,1,15,F8,R
2,7,1,F8,R
10,7,2,F8,R
10,24,7,F8,R
13,10,8,F8,R
23,10,13,F8,R
23,24,10,F8,R
23,48,24,F8,R
45,48,23,F8,R
45,80,48,F8,R
79,88,50,F8,R
54,86,68,F8,R
54,62,86,F8,R
33,54,34,F8,R
52,54,33,F8,R
52,62,54,F8,R
52,94,62,F8,R
89,94,52,F8,R
21,20,12,F8,R
38,20,21,F8,R
38,46,20,F8,R
65,38,40,F8,R
73,38,65,F8,R
73,46,38,F8,R
73,89,46,F8,R
96,81,83,F8,R
36,22,23,Cz,L
36,23,33,Cz,L
17,41,26,Cz,L
17,40,41,Cz,L
13,6,29,Cz,L
42,28,19,Cz,L
10,20,21,Cz,L
10,9,20,Cz,L
34,14,12,Cz,L
32,25,24,Cz,L
37,16,46,Cz,L
1,5,11,Cz,L
1,3,5,Cz,L
7,0,4,Cz,L
18,2,8,Cz,L
18,15,2,Cz,L
18,43,15,Cz,L
23,21,31,Cz,L
22,21,23,Cz,L
22,10,21,Cz,L
33,30,39,Cz,L
23,30,33,Cz,L
23,31,30,Cz,L
44,47,32,Cz,L
29,11,37,Cz,L
6,11,29,Cz,L
6,1,11,Cz,L
19,8,7,Cz,L
28,8,19,Cz,L
28,18,8,Cz,L
21,35,31,Cz,L
20,35,21,Cz,L
20,38,35,Cz,L
20,26,38,Cz,L
9,26,20,Cz,L
9,17,26,Cz,L
30,49,39,Cz,L
12,4,13,Cz,L
14,4,12,Cz,L
14,7,4,Cz,L
27,7,14,Cz,L
27,19,7,Cz,L
48,19,27,Cz,L
48,42,19,Cz,L
45,13,29,Cz,L
24,13,45,Cz,L
24,12,13,Cz,L
25,12,24,Cz,L
25,34,12,Cz,L
47,25,32,Cz,L
46,22,36,Cz,L
16,22,46,Cz,L
16,10,22,Cz,L
11,16,37,Cz,L
5,16,11,Cz,L
5,10,16,Cz,L
5,9,10,Cz,L
3,9,5,Cz,L
3,17,9,Cz,L
4,6,13,Cz,L
0,6,4,Cz,L
0,1,6,Cz,L
8,0,7,Cz,L
2,0,8,Cz,L
2,1,0,Cz,L
2,3,1,Cz,L
15,3,2,Cz,L
15,17,3,Cz,L
15,40,17,Cz,L
43,40,15,Cz,L
17,22,5,Cz,R
17,18,30,Cz,R
17,5,18,Cz,R
9,16,35,Cz,R
25,15,14,Cz,R
25,19,15,Cz,R
9,29,13,Cz,R
9,35,29,Cz,R
0,1,2,Cz,R
31,11,6,Cz,R
31,32,11,Cz,R
0,7,8,Cz,R
0,2,7,Cz,R
4,10,3,Cz,R
20,26,12,Cz,R
20,45,26,Cz,R
20,40,45,Cz,R
23,41,21,Cz,R
23,48,41,Cz,R
43,24,37,Cz,R
33,27,28,Cz,R
5,6,0,Cz,R
22,6,5,Cz,R
22,31,6,Cz,R
18,8,42,Cz,R
5,8,18,Cz,R
5,0,8,Cz,R
14,12,4,Cz,R
15,12,14,Cz,R
15,20,12,Cz,R
15,21,20,Cz,R
19,21,15,Cz,R
19,23,21,Cz,R
2,3,9,Cz,R
1,3,2,Cz,R
1,4,3,Cz,R
6,1,0,Cz,R
11,1,6,Cz,R
11,4,1,Cz,R
11,14,4,Cz,R
32,14,11,Cz,R
32,25,14,Cz,R
8,36,42,Cz,R
7,36,8,Cz,R
7,38,36,Cz,R
7,13,38,Cz,R
2,13,7,Cz,R
2,9,13,Cz,R
39,30,46,Cz,R
39,17,30,Cz,R
3,16,9,Cz,R
10,16,3,Cz,R
10,34,16,Cz,R
12,10,4,Cz,R
26,10,12,Cz,R
26,34,10,Cz,R
21,40,20,Cz,R
41,40,21,Cz,R
37,19,25,Cz,R
24,19,37,Cz,R
24,23,19,Cz,R
28,24,43,Cz,R
27,24,28,Cz,R
27,23,24,Cz,R
27,48,23,Cz,R
86,42,48,C3,L
86,89,42,C3,L
66,26,98,C3,L
16,13,6,C3,L
16,12,38,C3,L
16,6,12,C3,L
22,5,3,C3,L
55,45,32,C3,L
55,85,45,C3,L
43,15,51,C3,L
57,40,23,C3,L
43,51,96,C3,L
46,36,83,C3,L
46,60,36,C3,L
34,39,49,C3,L
34,99,39,C3,L
33,29,20,C3,L
35,41,65,C3,L
47,50,87,C3,L
8,4,30,C3,L
14,0,1,C3,L
14,18,0,C3,L
25,52,31,C3,L
25,75,52,C3,L
25,53,75,C3,L
8,37,11,C3,L
8,30,37,C3,L
2,28,24,C3,L
10,44,7,C3,L
10,70,44,C3,L
21,9,19,C3,L
63,27,17,C3,L
48,23,43,C3,L
42,23,48,C3,L
42,57,23,C3,L
42,72,57,C3,L
89,72,42,C3,L
90,46,83,C3,L
26,49,98,C3,L
26,34,49,C3,L
54,56,35,C3,L
92,88,47,C3,L
6,1,8,C3,L
13,1,6,C3,L
13,14,1,C3,L
38,31,73,C3,L
12,31,38,C3,L
12,25,31,C3,L
12,11,25,C3,L
6,11,12,C3,L
6,8,11,C3,L
3,7,2,C3,L
5,7,3,C3,L
5,10,7,C3,L
32,17,21,C3,L
45,17,32,C3,L
45,63,17,C3,L
51,20,66,C3,L
15,20,51,C3,L
15,33,20,C3,L
23,15,43,C3,L
40,15,23,C3,L
40,33,15,C3,L
69,35,65,C3,L
36,69,83,C3,L
36,35,69,C3,L
36,54,35,C3,L
60,54,36,C3,L
61,59,16,C3,L
97,38,73,C3,L
61,38,97,C3,L
61,16,38,C3,L
82,19,22,C3,L
74,19,82,C3,L
74,21,19,C3,L
71,21,74,C3,L
71,32,21,C3,L
80,32,71,C3,L
80,55,32,C3,L
64,47,87,C3,L
39,64,49,C3,L
39,47,64,C3,L
39,92,47,C3,L
99,92,39,C3,L
20,26,66,C3,L
29,26,20,C3,L
29,34,26,C3,L
91,34,29,C3,L
91,99,34,C3,L
41,76,65,C3,L
41,58,76,C3,L
56,41,35,C3,L
68,41,56,C3,L
68,58,41,C3,L
50,90,87,C3,L
50,46,90,C3,L
88,50,47,C3,L
78,50,88,C3,L
78,46,50,C3,L
78,60,46,C3,L
4,24,30,C3,L
4,2,24,C3,L
1,4,8,C3,L
0,4,1,C3,L
0,2,4,C3,L
0,3,2,C3,L
18,3,0,C3,L
18,22,3,C3,L
59,13,16,C3,L
67,13,59,C3,L
67,14,13,C3,L
77,14,67,C3,L
77,18,14,C3,L
79,18,77,C3,L
79,22,18,C3,L
79,82,22,C3,L
31,62,73,C3,L
52,62,31,C3,L
52,84,62,C3,L
11,53,25,C3,L
37,53,11,C3,L
30,93,37,C3,L
7,28,2,C3,L
44,28,7,C3,L
19,5,22,C3,L
9,5,19,C3,L
9,10,5,C3,L
17,9,21,C3,L
27,9,17,C3,L
27,10,9,C3,L
27,70,10,C3,L
94,55,80,C3,L
81,55,94,C3,L
81,85,55,C3,L
77,31,48,C4,R
59,14,33,C4,R
37,65,63,C4,R
37,73,65,C4,R
37,71,73,C4,R
2,9,6,C4,R
2,0,9,C4,R
2,8,0,C4,R
90,55,41,C4,R
38,72,60,C4,R
43,88,35,C4,R
38,54,80,C4,R
38,60,54,C4,R
25,74,97,C4,R
25,24,74,C4,R
25,17,24,C4,R
4,13,12,C4,R
4,19,13,C4,R
42,21,45,C4,R
32,10,30,C4,R
32,11,10,C4,R
32,56,11,C4,R
99,68,87,C4,R
39,29,53,C4,R
46,95,61,C4,R
46,58,95,C4,R
46,62,58,C4,R
28,76,26,C4,R
18,50,44,C4,R
27,64,20,C4,R
5,40,15,C4,R
5,22,40,C4,R
5,3,22,C4,R
16,7,1,C4,R
16,34,7,C4,R
82,36,23,C4,R
48,35,38,C4,R
31,35,48,C4,R
31,43,35,C4,R
48,38,80,C4,R
33,25,97,C4,R
33,12,25,C4,R
14,12,33,C4,R
14,4,12,C4,R
75,89,51,C4,R
66,52,39,C4,R
47,61,86,C4,R
69,61,47,C4,R
69,46,61,C4,R
65,85,96,C4,R
73,85,65,C4,R
6,20,18,C4,R
9,20,6,C4,R
9,27,20,C4,R
9,15,27,C4,R
0,15,9,C4,R
0,5,15,C4,R
0,1,5,C4,R
8,1,0,C4,R
8,16,1,C4,R
41,57,98,C4,R
55,57,41,C4,R
55,51,57,C4,R
35,72,38,C4,R
88,72,35,C4,R
54,47,86,C4,R
60,47,54,C4,R
24,63,74,C4,R
24,37,63,C4,R
24,26,37,C4,R
17,26,24,C4,R
17,28,26,C4,R
12,17,25,C4,R
13,17,12,C4,R
13,28,17,C4,R
13,49,28,C4,R
19,49,13,C4,R
19,79,49,C4,R
45,44,94,C4,R
21,44,45,C4,R
21,18,44,C4,R
30,21,42,C4,R
10,21,30,C4,R
10,18,21,C4,R
10,6,18,C4,R
11,6,10,C4,R
11,2,6,C4,R
11,23,2,C4,R
56,23,11,C4,R
56,82,23,C4,R
83,39,53,C4,R
70,39,83,C4,R
70,66,39,C4,R
92,66,70,C4,R
87,45,94,C4,R
68,45,87,C4,R
68,42,45,C4,R
53,31,77,C4,R
29,31,53,C4,R
29,43,31,C4,R
52,29,39,C4,R
67,29,52,C4,R
67,43,29,C4,R
58,41,98,C4,R
62,41,58,C4,R
62,90,41,C4,R
26,71,37,C4,R
76,71,26,C4,R
20,50,18,C4,R
64,50,20,C4,R
15,81,27,C4,R
40,81,15,C4,R
22,91,40,C4,R
22,59,91,C4,R
22,14,59,C4,R
3,14,22,C4,R
3,4,14,C4,R
1,3,5,C4,R
7,3,1,C4,R
7,4,3,C4,R
7,19,4,C4,R
34,19,7,C4,R
34,79,19,C4,R
23,8,2,C4,R
36,8,23,C4,R
36,16,8,C4,R
78,16,36,C4,R
78,34,16,C4,R
78,29,82,T3,L
78,38,29,T3,L
3,7,1,T3,L
3,15,7,T3,L
3,13,15,T3,L
43,65,17,T3,L
43,94,65,T3,L
21,22,18,T3,L
21,11,27,T3,L
21,18,11,T3,L
5,10,36,T3,L
5,0,10,T3,L
5,2,0,T3,L
20,6,8,T3,L
20,23,6,T3,L
24,62,91,T3,L
28,55,12,T3,L
28,51,55,T3,L
28,59,51,T3,L
64,85,33,T3,L
9,25,4,T3,L
97,80,40,T3,L
31,71,39,T3,L
31,54,71,T3,L
66,32,37,T3,L
52,35,56,T3,L
52,45,35,T3,L
52,60,45,T3,L
68,95,98,T3,L
68,87,95,T3,L
68,67,87,T3,L
26,46,41,T3,L
26,42,46,T3,L
44,30,73,T3,L
19,16,14,T3,L
19,47,16,T3,L
19,70,47,T3,L
49,90,34,T3,L
29,36,82,T3,L
29,5,36,T3,L
29,8,5,T3,L
38,8,29,T3,L
38,20,8,T3,L
1,12,24,T3,L
7,12,1,T3,L
7,28,12,T3,L
7,33,28,T3,L
15,33,7,T3,L
15,64,33,T3,L
15,50,64,T3,L
13,50,15,T3,L
13,63,50,T3,L
17,40,9,T3,L
65,40,17,T3,L
65,97,40,T3,L
18,39,49,T3,L
22,39,18,T3,L
22,31,39,T3,L
96,56,66,T3,L
83,56,96,T3,L
83,52,56,T3,L
83,74,52,T3,L
72,68,98,T3,L
72,41,68,T3,L
48,41,72,T3,L
48,26,41,T3,L
27,14,44,T3,L
11,14,27,T3,L
11,19,14,T3,L
11,34,19,T3,L
18,34,11,T3,L
18,49,34,T3,L
58,24,91,T3,L
10,58,36,T3,L
10,24,58,T3,L
10,1,24,T3,L
0,1,10,T3,L
0,3,1,T3,L
0,4,3,T3,L
2,4,0,T3,L
2,9,4,T3,L
8,2,5,T3,L
6,2,8,T3,L
6,9,2,T3,L
6,17,9,T3,L
23,17,6,T3,L
23,43,17,T3,L
53,37,21,T3,L
75,37,53,T3,L
75,66,37,T3,L
69,27,44,T3,L
53,27,69,T3,L
53,21,27,T3,L
12,62,24,T3,L
55,62,12,T3,L
51,89,55,T3,L
51,88,89,T3,L
51,86,88,T3,L
59,86,51,T3,L
33,59,28,T3,L
85,59,33,T3,L
4,13,3,T3,L
25,13,4,T3,L
25,63,13,T3,L
40,25,9,T3,L
80,25,40,T3,L
80,63,25,T3,L
39,92,49,T3,L
71,92,39,T3,L
37,22,21,T3,L
32,22,37,T3,L
32,31,22,T3,L
56,32,66,T3,L
35,32,56,T3,L
35,31,32,T3,L
35,54,31,T3,L
45,54,35,T3,L
45,81,54,T3,L
45,76,81,T3,L
60,76,45,T3,L
60,93,76,T3,L
74,60,52,T3,L
77,60,74,T3,L
77,93,60,T3,L
41,67,68,T3,L
46,67,41,T3,L
30,48,73,T3,L
30,26,48,T3,L
14,30,44,T3,L
16,30,14,T3,L
16,26,30,T3,L
16,42,26,T3,L
47,42,16,T3,L
34,70,19,T3,L
90,70,34,T3,L
79,20,38,T3,L
57,20,79,T3,L
57,23,20,T3,L
61,23,57,T3,L
61,43,23,T3,L
84,43,61,T3,L
84,94,43,T3,L
74,60,19,T4,R
34,25,11,T4,R
34,45,25,T4,R
34,71,45,T4,R
20,14,55,T4,R
20,10,14,T4,R
33,22,23,T4,R
33,56,22,T4,R
0,1,3,T4,R
47,7,9,T4,R
47,35,7,T4,R
47,99,35,T4,R
96,44,61,T4,R
6,26,8,T4,R
48,73,17,T4,R
36,46,50,T4,R
12,67,57,T4,R
12,16,67,T4,R
12,2,16,T4,R
13,5,4,T4,R
13,39,5,T4,R
24,30,58,T4,R
24,31,30,T4,R
32,21,66,T4,R
28,18,15,T4,R
28,51,18,T4,R
28,92,51,T4,R
88,53,83,T4,R
49,40,64,T4,R
49,29,40,T4,R
80,27,62,T4,R
80,38,27,T4,R
81,63,42,T4,R
19,9,0,T4,R
60,9,19,T4,R
60,47,9,T4,R
11,17,6,T4,R
25,17,11,T4,R
25,48,17,T4,R
25,54,48,T4,R
45,54,25,T4,R
45,82,54,T4,R
45,93,82,T4,R
71,93,45,T4,R
41,75,36,T4,R
14,57,55,T4,R
14,12,57,T4,R
14,4,12,T4,R
10,4,14,T4,R
10,13,4,T4,R
59,24,58,T4,R
23,15,32,T4,R
22,15,23,T4,R
22,28,15,T4,R
22,68,28,T4,R
56,68,22,T4,R
95,49,64,T4,R
3,8,37,T4,R
1,8,3,T4,R
1,6,8,T4,R
9,1,0,T4,R
7,1,9,T4,R
7,6,1,T4,R
7,11,6,T4,R
35,11,7,T4,R
35,34,11,T4,R
35,77,34,T4,R
99,77,35,T4,R
43,20,55,T4,R
89,32,66,T4,R
61,32,89,T4,R
61,23,32,T4,R
44,23,61,T4,R
44,33,23,T4,R
8,72,37,T4,R
26,72,8,T4,R
17,26,6,T4,R
73,26,17,T4,R
54,98,48,T4,R
77,71,34,T4,R
50,42,78,T4,R
46,42,50,T4,R
46,81,42,T4,R
75,46,36,T4,R
16,94,67,T4,R
16,37,94,T4,R
16,3,37,T4,R
2,3,16,T4,R
2,0,3,T4,R
4,2,12,T4,R
5,2,4,T4,R
5,0,2,T4,R
5,19,0,T4,R
39,19,5,T4,R
39,74,19,T4,R
91,50,78,T4,R
52,50,91,T4,R
52,36,50,T4,R
30,52,58,T4,R
30,36,52,T4,R
30,41,36,T4,R
31,41,30,T4,R
31,76,41,T4,R
21,59,66,T4,R
21,24,59,T4,R
15,21,32,T4,R
18,21,15,T4,R
18,24,21,T4,R
18,31,24,T4,R
51,31,18,T4,R
51,76,31,T4,R
68,92,28,T4,R
83,44,96,T4,R
53,44,83,T4,R
53,33,44,T4,R
86,53,88,T4,R
65,53,86,T4,R
65,33,53,T4,R
65,56,33,T4,R
64,84,90,T4,R
40,84,64,T4,R
40,87,84,T4,R
40,43,87,T4,R
29,43,40,T4,R
29,20,43,T4,R
62,29,49,T4,R
27,29,62,T4,R
27,20,29,T4,R
27,10,20,T4,R
38,10,27,T4,R
38,13,10,T4,R
69,13,38,T4,R
69,39,13,T4,R
42,70,78,T4,R
63,70,42,T4,R
63,79,70,T4,R
85,79,63,T4,R
85,97,79,T4,R
33,35,6,Pz,L
16,26,44,Pz,L
16,11,26,Pz,L
2,1,19,Pz,L
45,8,3,Pz,L
0,7,9,Pz,L
21,17,5,Pz,L
21,41,17,Pz,L
31,49,22,Pz,L
20,43,28,Pz,L
20,36,43,Pz,L
24,15,34,Pz,L
13,12,29,Pz,L
13,4,12,Pz,L
13,10,4,Pz,L
31,14,37,Pz,L
31,22,14,Pz,L
6,3,2,Pz,L
35,3,6,Pz,L
35,45,3,Pz,L
18,5,0,Pz,L
27,5,18,Pz,L
27,21,5,Pz,L
46,47,31,Pz,L
11,28,26,Pz,L
11,20,28,Pz,L
40,13,29,Pz,L
40,30,13,Pz,L
46,31,37,Pz,L
19,9,48,Pz,L
1,9,19,Pz,L
1,0,9,Pz,L
3,1,2,Pz,L
8,1,3,Pz,L
8,0,1,Pz,L
8,18,0,Pz,L
32,16,44,Pz,L
9,39,48,Pz,L
7,39,9,Pz,L
7,42,39,Pz,L
5,7,0,Pz,L
17,7,5,Pz,L
17,42,7,Pz,L
47,49,31,Pz,L
15,32,34,Pz,L
15,16,32,Pz,L
12,38,29,Pz,L
12,24,38,Pz,L
12,15,24,Pz,L
4,15,12,Pz,L
4,16,15,Pz,L
4,11,16,Pz,L
10,11,4,Pz,L
10,20,11,Pz,L
30,10,13,Pz,L
25,10,30,Pz,L
25,20,10,Pz,L
25,36,20,Pz,L
23,2,19,Pz,L
14,23,37,Pz,L
14,2,23,Pz,L
14,6,2,Pz,L
22,6,14,Pz,L
22,33,6,Pz,L
23,32,39,Pz,R
9,0,2,Pz,R
46,17,22,Pz,R
16,15,14,Pz,R
16,20,15,Pz,R
7,4,11,Pz,R
3,8,1,Pz,R
3,18,8,Pz,R
10,5,6,Pz,R
44,13,21,Pz,R
44,43,13,Pz,R
19,48,12,Pz,R
25,41,49,Pz,R
25,24,41,Pz,R
25,14,24,Pz,R
30,14,25,Pz,R
30,16,14,Pz,R
2,1,7,Pz,R
0,1,2,Pz,R
0,3,1,Pz,R
34,21,10,Pz,R
22,6,9,Pz,R
17,6,22,Pz,R
17,10,6,Pz,R
36,17,46,Pz,R
29,17,36,Pz,R
29,10,17,Pz,R
29,34,10,Pz,R
14,26,24,Pz,R
15,26,14,Pz,R
15,45,26,Pz,R
15,31,45,Pz,R
20,31,15,Pz,R
20,38,31,Pz,R
11,12,23,Pz,R
4,12,11,Pz,R
4,19,12,Pz,R
1,4,7,Pz,R
8,4,1,Pz,R
8,19,4,Pz,R
8,35,19,Pz,R
18,35,8,Pz,R
6,0,9,Pz,R
5,0,6,Pz,R
5,3,0,Pz,R
21,5,10,Pz,R
13,5,21,Pz,R
13,3,5,Pz,R
13,18,3,Pz,R
43,18,13,Pz,R
40,7,11,Pz,R
27,7,40,Pz,R
27,2,7,Pz,R
28,2,27,Pz,R
28,9,2,Pz,R
42,9,28,Pz,R
42,22,9,Pz,R
47,16,30,Pz,R
33,16,47,Pz,R
33,20,16,Pz,R
37,20,33,Pz,R
37,38,20,Pz,R
12,32,23,Pz,R
48,32,12,Pz,R
20,26,55,P3,L
45,27,19,P3,L
83,56,54,P3,L
83,88,56,P3,L
31,33,44,P3,L
31,22,33,P3,L
31,29,22,P3,L
12,14,3,P3,L
69,59,86,P3,L
69,46,59,P3,L
69,65,46,P3,L
35,77,70,P3,L
35,50,77,P3,L
51,52,28,P3,L
6,0,4,P3,L
13,2,7,P3,L
13,9,2,P3,L
53,40,61,P3,L
39,25,36,P3,L
39,23,25,P3,L
39,43,23,P3,L
96,68,64,P3,L
96,98,68,P3,L
84,49,93,P3,L
15,41,34,P3,L
15,17,41,P3,L
15,10,17,P3,L
32,16,18,P3,L
32,38,16,P3,L
82,57,48,P3,L
1,11,5,P3,L
24,21,8,P3,L
24,37,21,P3,L
62,42,30,P3,L
74,47,72,P3,L
74,58,47,P3,L
74,85,58,P3,L
26,70,55,P3,L
26,35,70,P3,L
81,87,51,P3,L
19,7,6,P3,L
27,7,19,P3,L
27,13,7,P3,L
54,36,53,P3,L
56,36,54,P3,L
56,39,36,P3,L
56,64,39,P3,L
88,64,56,P3,L
88,96,64,P3,L
44,60,73,P3,L
33,60,44,P3,L
33,63,60,P3,L
33,34,63,P3,L
22,34,33,P3,L
22,15,34,P3,L
22,18,15,P3,L
29,18,22,P3,L
29,32,18,P3,L
3,8,1,P3,L
14,8,3,P3,L
14,24,8,P3,L
78,61,45,P3,L
79,61,78,P3,L
79,53,61,P3,L
75,53,79,P3,L
75,54,53,P3,L
91,54,75,P3,L
91,83,54,P3,L
59,89,86,P3,L
59,73,89,P3,L
59,44,73,P3,L
46,44,59,P3,L
46,31,44,P3,L
46,48,31,P3,L
65,48,46,P3,L
65,82,48,P3,L
92,65,69,P3,L
50,94,77,P3,L
50,67,94,P3,L
28,30,12,P3,L
52,30,28,P3,L
52,62,30,P3,L
87,52,51,P3,L
97,52,87,P3,L
97,62,52,P3,L
4,5,20,P3,L
0,5,4,P3,L
0,1,5,P3,L
7,0,6,P3,L
2,0,7,P3,L
2,1,0,P3,L
2,3,1,P3,L
9,3,2,P3,L
9,12,3,P3,L
61,27,45,P3,L
40,27,61,P3,L
40,13,27,P3,L
36,40,53,P3,L
25,40,36,P3,L
25,13,40,P3,L
25,9,13,P3,L
23,9,25,P3,L
23,12,9,P3,L
23,28,12,P3,L
43,28,23,P3,L
43,51,28,P3,L
64,43,39,P3,L
68,43,64,P3,L
68,51,43,P3,L
68,81,51,P3,L
98,81,68,P3,L
49,55,93,P3,L
49,20,55,P3,L
34,76,63,P3,L
41,76,34,P3,L
41,84,76,P3,L
41,49,84,P3,L
17,49,41,P3,L
17,20,49,P3,L
17,4,20,P3,L
10,4,17,P3,L
10,6,4,P3,L
18,10,15,P3,L
16,10,18,P3,L
16,6,10,P3,L
16,19,6,P3,L
38,19,16,P3,L
38,45,19,P3,L
48,29,31,P3,L
57,29,48,P3,L
57,32,29,P3,L
95,57,82,P3,L
66,57,95,P3,L
66,32,57,P3,L
66,38,32,P3,L
71,38,66,P3,L
71,45,38,P3,L
71,78,45,P3,L
5,26,20,P3,L
11,26,5,P3,L
11,35,26,P3,L
8,11,1,P3,L
21,11,8,P3,L
21,35,11,P3,L
21,50,35,P3,L
37,50,21,P3,L
37,67,50,P3,L
30,14,12,P3,L
42,14,30,P3,L
42,24,14,P3,L
72,42,62,P3,L
47,42,72,P3,L
47,24,42,P3,L
47,37,24,P3,L
58,37,47,P3,L
58,67,37,P3,L
58,80,67,P3,L
85,80,58,P3,L
90,53,62,P4,R
75,46,45,P4,R
75,96,46,P4,R
9,14,5,P4,R
63,77,92,P4,R
63,57,77,P4,R
15,24,43,P4,R
15,7,24,P4,R
15,3,7,P4,R
78,50,38,P4,R
65,48,23,P4,R
42,66,99,P4,R
42,25,66,P4,R
42,22,25,P4,R
56,34,36,P4,R
56,64,34,P4,R
40,49,76,P4,R
51,52,33,P4,R
51,81,52,P4,R
51,87,81,P4,R
13,27,26,P4,R
32,41,17,P4,R
32,83,41,P4,R
47,30,20,P4,R
35,72,60,P4,R
35,44,72,P4,R
35,37,44,P4,R
12,31,18,P4,R
12,28,31,P4,R
12,10,28,P4,R
0,2,1,P4,R
0,4,2,P4,R
19,6,11,P4,R
29,8,21,P4,R
29,16,8,P4,R
29,39,16,P4,R
88,73,79,P4,R
62,42,99,P4,R
62,36,42,P4,R
53,36,62,P4,R
53,56,36,P4,R
45,33,40,P4,R
46,33,45,P4,R
46,51,33,P4,R
46,80,51,P4,R
96,80,46,P4,R
5,17,13,P4,R
14,17,5,P4,R
14,32,17,P4,R
82,59,47,P4,R
57,86,77,P4,R
57,67,86,P4,R
43,60,98,P4,R
24,60,43,P4,R
24,35,60,P4,R
24,18,35,P4,R
7,18,24,P4,R
7,12,18,P4,R
7,1,12,P4,R
3,1,7,P4,R
3,0,1,P4,R
38,21,19,P4,R
50,21,38,P4,R
50,29,21,P4,R
50,70,29,P4,R
68,40,76,P4,R
58,68,89,P4,R
58,40,68,P4,R
58,45,40,P4,R
85,45,58,P4,R
85,75,45,P4,R
23,20,9,P4,R
48,20,23,P4,R
48,47,20,P4,R
93,47,48,P4,R
93,82,47,P4,R
91,63,92,P4,R
66,43,98,P4,R
25,43,66,P4,R
25,15,43,P4,R
25,11,15,P4,R
22,11,25,P4,R
22,19,11,P4,R
36,22,42,P4,R
34,22,36,P4,R
34,19,22,P4,R
34,38,19,P4,R
64,38,34,P4,R
64,78,38,P4,R
33,49,40,P4,R
52,49,33,P4,R
52,94,49,P4,R
80,87,51,P4,R
26,54,61,P4,R
27,54,26,P4,R
27,55,54,P4,R
17,27,13,P4,R
41,27,17,P4,R
41,55,27,P4,R
20,14,9,P4,R
30,14,20,P4,R
30,32,14,P4,R
59,30,47,P4,R
69,30,59,P4,R
69,32,30,P4,R
69,83,32,P4,R
74,63,91,P4,R
44,74,72,P4,R
44,63,74,P4,R
44,57,63,P4,R
37,57,44,P4,R
37,67,57,P4,R
18,37,35,P4,R
31,37,18,P4,R
31,67,37,P4,R
31,71,67,P4,R
28,71,31,P4,R
28,61,71,P4,R
28,26,61,P4,R
10,26,28,P4,R
10,13,26,P4,R
1,10,12,P4,R
2,10,1,P4,R
2,13,10,P4,R
2,5,13,P4,R
4,5,2,P4,R
4,9,5,P4,R
11,3,15,P4,R
6,3,11,P4,R
6,0,3,P4,R
21,6,19,P4,R
8,6,21,P4,R
8,0,6,P4,R
8,4,0,P4,R
16,4,8,P4,R
16,9,4,P4,R
16,23,9,P4,R
39,23,16,P4,R
39,65,23,P4,R
70,39,29,P4,R
79,53,90,P4,R
73,53,79,P4,R
73,56,53,P4,R
95,73,88,P4,R
84,73,95,P4,R
84,56,73,P4,R
84,64,56,P4,R
97,64,84,P4,R
97,78,64,P4,R
9,25,8,T5,L
39,40,84,T5,L
42,36,30,T5,L
42,45,36,T5,L
50,64,52,T5,L
26,43,65,T5,L
26,13,43,T5,L
69,34,71,T5,L
69,31,34,T5,L
69,74,31,T5,L
95,94,81,T5,L
6,11,15,T5,L
41,27,17,T5,L
41,47,27,T5,L
89,48,82,T5,L
72,44,91,T5,L
55,79,83,T5,L
55,68,79,T5,L
20,28,19,T5,L
58,49,29,T5,L
58,78,49,T5,L
58,86,78,T5,L
51,59,23,T5,L
54,21,53,T5,L
3,4,22,T5,L
3,0,4,T5,L
33,35,67,T5,L
33,16,35,T5,L
10,18,37,T5,L
10,5,18,T5,L
10,2,5,T5,L
14,1,12,T5,L
14,7,1,T5,L
14,24,7,T5,L
99,61,38,T5,L
88,66,32,T5,L
60,46,97,T5,L
60,57,46,T5,L
8,17,6,T5,L
25,17,8,T5,L
25,41,17,T5,L
40,83,84,T5,L
40,55,83,T5,L
30,29,20,T5,L
36,29,30,T5,L
36,58,29,T5,L
36,63,58,T5,L
45,63,36,T5,L
45,76,63,T5,L
64,77,52,T5,L
43,90,65,T5,L
43,54,90,T5,L
43,22,54,T5,L
13,22,43,T5,L
13,3,22,T5,L
80,33,67,T5,L
71,37,98,T5,L
34,37,71,T5,L
34,10,37,T5,L
34,12,10,T5,L
31,12,34,T5,L
31,14,12,T5,L
31,38,14,T5,L
74,38,31,T5,L
74,99,38,T5,L
15,19,39,T5,L
11,19,15,T5,L
11,20,19,T5,L
17,11,6,T5,L
27,11,17,T5,L
27,20,11,T5,L
27,30,20,T5,L
47,30,27,T5,L
47,42,30,T5,L
48,52,82,T5,L
48,50,52,T5,L
44,65,91,T5,L
44,26,65,T5,L
68,81,79,T5,L
68,95,81,T5,L
19,40,39,T5,L
28,40,19,T5,L
28,55,40,T5,L
29,28,20,T5,L
49,28,29,T5,L
49,55,28,T5,L
49,68,55,T5,L
78,68,49,T5,L
78,95,68,T5,L
63,86,58,T5,L
23,32,9,T5,L
59,32,23,T5,L
59,88,32,T5,L
87,48,89,T5,L
62,48,87,T5,L
62,50,48,T5,L
92,50,62,T5,L
53,15,39,T5,L
21,15,53,T5,L
21,6,15,T5,L
22,21,54,T5,L
4,21,22,T5,L
4,6,21,T5,L
4,8,6,T5,L
0,8,4,T5,L
0,9,8,T5,L
35,75,67,T5,L
35,72,75,T5,L
35,44,72,T5,L
16,44,35,T5,L
16,26,44,T5,L
56,33,80,T5,L
37,56,98,T5,L
18,56,37,T5,L
18,33,56,T5,L
18,16,33,T5,L
5,16,18,T5,L
5,26,16,T5,L
5,13,26,T5,L
2,13,5,T5,L
2,3,13,T5,L
12,2,10,T5,L
1,2,12,T5,L
1,3,2,T5,L
1,0,3,T5,L
7,0,1,T5,L
7,9,0,T5,L
7,23,9,T5,L
24,23,7,T5,L
24,51,23,T5,L
38,24,14,T5,L
61,24,38,T5,L
61,51,24,T5,L
32,25,9,T5,L
66,25,32,T5,L
66,41,25,T5,L
96,41,66,T5,L
96,47,41,T5,L
73,47,96,T5,L
73,42,47,T5,L
46,73,97,T5,L
46,42,73,T5,L
46,45,42,T5,L
57,45,46,T5,L
57,76,45,T5,L
70,57,60,T5,L
85,57,70,T5,L
85,76,57,T5,L
37,14,25,T6,R
15,18,6,T6,R
82,42,85,T6,R
11,5,0,T6,R
21,60,24,T6,R
21,44,60,T6,R
84,77,48,T6,R
78,22,56,T6,R
16,4,34,T6,R
16,9,4,T6,R
72,40,86,T6,R
64,27,67,T6,R
64,31,27,T6,R
64,69,31,T6,R
99,92,98,T6,R
99,88,92,T6,R
20,36,50,T6,R
23,49,19,T6,R
23,63,49,T6,R
80,26,39,T6,R
61,35,54,T6,R
61,68,35,T6,R
61,96,68,T6,R
57,47,55,T6,R
94,33,93,T6,R
17,7,28,T6,R
17,8,7,T6,R
2,3,13,T6,R
12,10,1,T6,R
12,38,10,T6,R
75,29,32,T6,R
66,79,81,T6,R
25,24,53,T6,R
14,24,25,T6,R
14,21,24,T6,R
65,16,34,T6,R
6,19,20,T6,R
18,19,6,T6,R
18,23,19,T6,R
85,28,94,T6,R
42,28,85,T6,R
42,17,28,T6,R
0,1,2,T6,R
5,1,0,T6,R
5,12,1,T6,R
45,30,51,T6,R
87,30,45,T6,R
62,39,15,T6,R
83,70,82,T6,R
24,90,53,T6,R
60,90,24,T6,R
48,32,11,T6,R
77,32,48,T6,R
77,75,32,T6,R
56,13,37,T6,R
22,13,56,T6,R
22,2,13,T6,R
34,22,78,T6,R
4,22,34,T6,R
4,2,22,T6,R
4,0,2,T6,R
9,0,4,T6,R
9,11,0,T6,R
40,65,86,T6,R
40,16,65,T6,R
67,40,72,T6,R
27,40,67,T6,R
27,16,40,T6,R
27,9,16,T6,R
31,9,27,T6,R
31,11,9,T6,R
31,48,11,T6,R
69,48,31,T6,R
69,84,48,T6,R
98,69,64,T6,R
92,69,98,T6,R
92,84,69,T6,R
36,74,50,T6,R
36,97,74,T6,R
19,36,20,T6,R
49,36,19,T6,R
49,97,36,T6,R
39,18,15,T6,R
26,18,39,T6,R
26,23,18,T6,R
54,26,80,T6,R
35,26,54,T6,R
35,23,26,T6,R
35,63,23,T6,R
68,63,35,T6,R
91,96,61,T6,R
55,25,53,T6,R
47,25,55,T6,R
47,37,25,T6,R
73,57,71,T6,R
73,47,57,T6,R
76,47,73,T6,R
76,37,47,T6,R
76,56,37,T6,R
33,50,93,T6,R
33,20,50,T6,R
28,33,94,T6,R
7,33,28,T6,R
7,20,33,T6,R
7,6,20,T6,R
8,6,7,T6,R
8,15,6,T6,R
70,42,82,T6,R
59,42,70,T6,R
59,17,42,T6,R
46,17,59,T6,R
46,8,17,T6,R
43,8,46,T6,R
43,15,8,T6,R
43,62,15,T6,R
13,14,37,T6,R
3,14,13,T6,R
3,21,14,T6,R
1,3,2,T6,R
10,3,1,T6,R
10,21,3,T6,R
10,44,21,T6,R
38,44,10,T6,R
32,5,11,T6,R
29,5,32,T6,R
29,12,5,T6,R
95,29,75,T6,R
52,29,95,T6,R
52,12,29,T6,R
52,38,12,T6,R
81,88,99,T6,R
79,88,81,T6,R
30,41,51,T6,R
58,41,30,T6,R
58,66,41,T6,R
58,79,66,T6,R
14,20,4,O1,L
14,47,20,O1,L
84,67,98,O1,L
84,55,67,O1,L
62,70,88,O1,L
62,40,70,O1,L
1,9,5,O1,L
44,26,34,O1,L
44,35,26,O1,L
44,53,35,O1,L
93,80,99,O1,L
2,8,0,O1,L
43,31,13,O1,L
43,56,31,O1,L
43,76,56,O1,L
48,91,83,O1,L
48,65,91,O1,L
48,33,65,O1,L
27,15,37,O1,L
27,11,15,O1,L
89,49,77,O1,L
23,21,51,O1,L
23,10,21,O1,L
23,7,10,O1,L
28,6,22,O1,L
28,12,6,O1,L
32,25,41,O1,L
32,24,25,O1,L
19,36,46,O1,L
29,42,18,O1,L
29,60,42,O1,L
16,17,3,O1,L
39,38,30,O1,L
39,61,38,O1,L
39,74,61,O1,L
69,82,45,O1,L
63,71,54,O1,L
63,79,71,O1,L
4,13,2,O1,L
20,13,4,O1,L
20,43,13,O1,L
20,66,43,O1,L
47,66,20,O1,L
47,95,66,O1,L
67,83,98,O1,L
67,48,83,O1,L
67,37,48,O1,L
55,37,67,O1,L
55,27,37,O1,L
94,51,89,O1,L
59,51,94,O1,L
59,23,51,O1,L
59,22,23,O1,L
68,22,59,O1,L
68,28,22,O1,L
70,41,90,O1,L
40,41,70,O1,L
40,32,41,O1,L
5,18,19,O1,L
9,18,5,O1,L
9,29,18,O1,L
34,30,16,O1,L
26,30,34,O1,L
26,39,30,O1,L
26,45,39,O1,L
35,45,26,O1,L
35,69,45,O1,L
35,54,69,O1,L
53,54,35,O1,L
53,63,54,O1,L
80,88,99,O1,L
80,62,88,O1,L
0,3,1,O1,L
8,3,0,O1,L
8,16,3,O1,L
13,8,2,O1,L
31,8,13,O1,L
31,16,8,O1,L
31,34,16,O1,L
56,34,31,O1,L
56,44,34,O1,L
56,75,44,O1,L
76,75,56,O1,L
66,76,43,O1,L
65,46,85,O1,L
33,46,65,O1,L
33,19,46,O1,L
37,33,48,O1,L
15,33,37,O1,L
15,19,33,O1,L
15,5,19,O1,L
11,5,15,O1,L
11,1,5,O1,L
77,55,84,O1,L
49,55,77,O1,L
49,27,55,O1,L
51,49,89,O1,L
21,49,51,O1,L
21,27,49,O1,L
21,11,27,O1,L
10,11,21,O1,L
10,1,11,O1,L
10,0,1,O1,L
7,0,10,O1,L
7,2,0,O1,L
22,7,23,O1,L
6,7,22,O1,L
6,2,7,O1,L
6,4,2,O1,L
12,4,6,O1,L
12,14,4,O1,L
52,28,68,O1,L
41,52,90,O1,L
25,52,41,O1,L
25,28,52,O1,L
25,12,28,O1,L
24,12,25,O1,L
24,14,12,O1,L
87,62,80,O1,L
64,62,87,O1,L
64,40,62,O1,L
58,40,64,O1,L
58,32,40,O1,L
57,32,58,O1,L
57,24,32,O1,L
50,24,57,O1,L
50,14,24,O1,L
50,47,14,O1,L
97,47,50,O1,L
97,95,47,O1,L
46,73,85,O1,L
36,73,46,O1,L
36,72,73,O1,L
18,36,19,O1,L
42,36,18,O1,L
42,72,36,O1,L
42,81,72,O1,L
60,81,42,O1,L
60,96,81,O1,L
3,9,1,O1,L
17,9,3,O1,L
17,29,9,O1,L
30,17,16,O1,L
38,17,30,O1,L
38,29,17,O1,L
38,60,29,O1,L
61,60,38,O1,L
61,96,60,O1,L
45,74,39,O1,L
82,74,45,O1,L
54,92,69,O1,L
71,92,54,O1,L
75,53,44,O1,L
78,53,75,O1,L
78,63,53,O1,L
86,63,78,O1,L
86,79,63,O1,L
24,38,39,O2,R
40,34,21,O2,R
45,62,67,O2,R
45,47,62,O2,R
45,22,47,O2,R
40,14,37,O2,R
40,21,14,O2,R
15,23,25,O2,R
15,11,23,O2,R
93,99,60,O2,R
61,74,84,O2,R
76,68,53,O2,R
86,82,63,O2,R
70,50,91,O2,R
70,46,50,O2,R
86,57,73,O2,R
86,63,57,O2,R
59,78,95,O2,R
59,71,78,O2,R
59,41,71,O2,R
35,27,48,O2,R
35,18,27,O2,R
5,16,12,O2,R
43,32,20,O2,R
43,58,32,O2,R
77,55,54,O2,R
94,65,85,O2,R
94,80,65,O2,R
7,17,29,O2,R
7,8,17,O2,R
31,10,30,O2,R
0,3,9,O2,R
0,6,3,O2,R
0,2,6,O2,R
5,4,1,O2,R
5,12,4,O2,R
42,72,75,O2,R
51,81,44,O2,R
51,83,81,O2,R
51,56,83,O2,R
13,33,28,O2,R
13,19,33,O2,R
36,49,26,O2,R
39,53,61,O2,R
38,53,39,O2,R
38,76,53,O2,R
98,73,70,O2,R
87,59,95,O2,R
87,48,59,O2,R
79,48,87,O2,R
79,35,48,O2,R
21,20,5,O2,R
34,20,21,O2,R
34,43,20,O2,R
67,88,96,O2,R
62,88,67,O2,R
47,89,62,O2,R
47,66,89,O2,R
47,29,66,O2,R
22,29,47,O2,R
22,7,29,O2,R
37,9,31,O2,R
14,9,37,O2,R
14,0,9,O2,R
14,1,0,O2,R
21,1,14,O2,R
21,5,1,O2,R
25,44,42,O2,R
23,44,25,O2,R
23,51,44,O2,R
23,28,51,O2,R
11,28,23,O2,R
11,13,28,O2,R
60,64,36,O2,R
99,64,60,O2,R
74,92,84,O2,R
74,69,92,O2,R
53,74,61,O2,R
68,74,53,O2,R
68,69,74,O2,R
63,54,40,O2,R
82,54,63,O2,R
82,77,54,O2,R
91,67,96,O2,R
50,67,91,O2,R
50,45,67,O2,R
50,30,45,O2,R
46,30,50,O2,R
46,31,30,O2,R
73,46,70,O2,R
57,46,73,O2,R
57,31,46,O2,R
57,37,31,O2,R
63,37,57,O2,R
63,40,37,O2,R
41,75,71,O2,R
41,42,75,O2,R
48,41,59,O2,R
27,41,48,O2,R
27,42,41,O2,R
27,25,42,O2,R
18,25,27,O2,R
18,15,25,O2,R
12,26,24,O2,R
16,26,12,O2,R
16,36,26,O2,R
20,16,5,O2,R
32,16,20,O2,R
32,36,16,O2,R
32,60,36,O2,R
58,60,32,O2,R
58,93,60,O2,R
54,34,40,O2,R
55,34,54,O2,R
55,43,34,O2,R
85,55,77,O2,R
65,55,85,O2,R
65,43,55,O2,R
65,58,43,O2,R
80,58,65,O2,R
80,93,58,O2,R
52,35,79,O2,R
29,52,66,O2,R
17,52,29,O2,R
17,35,52,O2,R
17,18,35,O2,R
8,18,17,O2,R
8,15,18,O2,R
30,22,45,O2,R
10,22,30,O2,R
10,7,22,O2,R
9,10,31,O2,R
3,10,9,O2,R
3,7,10,O2,R
3,8,7,O2,R
6,8,3,O2,R
6,15,8,O2,R
6,11,15,O2,R
2,11,6,O2,R
2,13,11,O2,R
1,2,0,O2,R
4,2,1,O2,R
4,13,2,O2,R
4,19,13,O2,R
12,19,4,O2,R
12,24,19,O2,R
44,72,42,O2,R
81,72,44,O2,R
56,84,83,O2,R
56,61,84,O2,R
28,56,51,O2,R
33,56,28,O2,R
33,61,56,O2,R
33,39,61,O2,R
19,39,33,O2,R
19,24,39,O2,R
26,38,24,O2,R
49,38,26,O2,R
49,76,38,O2,R
64,49,36,O2,R
97,49,64,O2,R
97,76,49,O2,R
